[
	{
		"Transactionnumber": "T101",
		"Travelstartdate": "/Date(947030400000)/",
		"Travelenddate": "/Date(947030400000)/",
		"Traveltocountry": "US",
		"Traveltocountryname": "United States",
		"Statuscode": "1",
		"Statustext": "Pre Foreign Travel",
		"Currentuserid":"101"
	},
	{
		"Transactionnumber": "T102",
		"Travelstartdate": "/Date(947030400000)/",
		"Travelenddate": "/Date(947030400000)/",
		"Traveltocountry": "UK",
		"Traveltocountryname": "United Kingdom",
		"Statuscode": "1",
		"Statustext": "Pre Foreign Travel",
		"Currentuserid":"102"
	},
	{
		"Transactionnumber": "T103",
		"Travelstartdate": "/Date(947030400000)/",
		"Travelenddate": "/Date(947030400000)/",
		"Traveltocountry": "IND",
		"Traveltocountryname": "India",
		"Statuscode": "2",
		"Statustext": "Post Foreign Travel",
		"Currentuserid":"103"
	}
]