[{
	"Transactionnumber": "T1101",
	"Guid": "1907d3b0-ee7b-4605-b994-c303ae586dd8",
	"Transportationmode": "Flight",
	"Providername": "Emirates",
	"Carriername": "EM1011",
	"Carriernumber": "Emirates1011",
	"Other": "",
	"CountyGuid": "573c4cf8-1674-45bd-9852-7f73820d82b0",
	"__metadata": {
		"uri": "TransportMode(Transactionnumber='Transactionnumber%201',Guid=guid'1907d3b0-ee7b-4605-b994-c303ae586dd8')",
		"type": "ZVAR_FOREIGN_TRAVEL_SRV.TransportModeType"
	}
}, {
	"Transactionnumber": "T1101",
	"Guid": "7c88d3c5-fb5c-449f-8206-30d60da0e3ca",
	"Transportationmode": "Train",
	"Providername": "Public",
	"Carriername": "",
	"Carriernumber": "",
	"Other": "",
	"CountyGuid": "4a7139df-3d09-4530-b533-577d333296b1",
	"__metadata": {
		"uri": "TransportMode(Transactionnumber='Transactionnumber%202',Guid=guid'7c88d3c5-fb5c-449f-8206-30d60da0e3ca')",
		"type": "ZVAR_FOREIGN_TRAVEL_SRV.TransportModeType"
	}
}]