[{
	"Transactionnumber": "T1101",
	"Guid": "c2406d8d-5777-40d7-a909-635651c159db",
	"Nationalname": "Nick",
	"Relationship": "Friend",
	"Fulladdress": "Essen",
	"Citizenship": "German",
	"__metadata": {
		"uri": "ForeignNationals(Transactionnumber='T1101',Guid=guid'c2406d8d-5777-40d7-a909-635651c159db')",
		"type": "ZVAR_FOREIGN_TRAVEL_SRV.ForeignNationalsType"
	}
}, {
	"Transactionnumber": "T1101",
	"Guid": "f2a3224c-985f-4b40-84c6-2e98978dc865",
	"Nationalname": "Rick",
	"Relationship": "Brother",
	"Fulladdress": "Los Angeles",
	"Citizenship": "US",
	"__metadata": {
		"uri": "ForeignNationals(Transactionnumber='T1101',Guid=guid'f2a3224c-985f-4b40-84c6-2e98978dc865')",
		"type": "ZVAR_FOREIGN_TRAVEL_SRV.ForeignNationalsType"
	}
}, {
	"Transactionnumber": "T1102",
	"Guid": "0c6165bd-ed7b-4978-8937-26b6e3d88991",
	"Nationalname": "Wick",
	"Relationship": "Son",
	"Fulladdress": "France",
	"Citizenship": "Europe",
	"__metadata": {
		"uri": "ForeignNationals(Transactionnumber='T1102',Guid=guid'0c6165bd-ed7b-4978-8937-26b6e3d88991')",
		"type": "ZVAR_FOREIGN_TRAVEL_SRV.ForeignNationalsType"
	}
}]