[{
	"Transactionnumber": "T1101",
	"Employeeuserid": "EMP101",
	"Employeenumber": "100221",
	"Reportedby": "",
	"Statuscode": "1",
	"Statustext": "Pre Foreign Travel",
	"Travelstartdate": "/Date(1430488375000)/",
	"Travelenddate": "/Date(1037022775000)/",
	"Passportnumber": "P34553",
	"Passportissuedate": "/Date(1525787575000)/",
	"Passportexpirydate": "/Date(1006609975000)/",
	"Iscompanytravel": "Y",
	"Isvacation": "N",
	"Isother": "Y",
	"Isothertext": "other reason",
	"Withdependents": "Y",
	"Numofdependents": "2",
	"Traveltocountry": "",
	"Traveltocity": "",
	"Travelreason": "",
	"Additionalcomments": "Additionalcomments",
	"Erpocfirstname": "Nick",
	"Erpoclastname": "Dsouza",
	"Erpocrelationship": "Friend",
	"Erpocphonenumber": "5465734",
	"Erpocstreetaddress": "link road",
	"Erpoccity": "NY City",
	"Erpocstate": "NY",
	"Erpoczip": "345457",
	"__metadata": {
		"uri": "TravelHeader('Transactionnumber%201')",
		"type": "ZVAR_FOREIGN_TRAVEL_SRV.TravelHeaderType"
	},
	"to_HelpNotes": {
		"__deferred": {
			"uri": "TravelHeader('Transactionnumber%201')/to_HelpNotes"
		}
	},
	"to_TravelCountries": {
		"__deferred": {
			"uri": "TravelHeader('Transactionnumber%201')/to_TravelCountries"
		}
	},
	"to_ForeignNationals": {
		"__deferred": {
			"uri": "TravelHeader('T1101')/to_ForeignNationals"
		}
	},
	"to_EmployeeSurvey": {
		"__deferred": {
			"uri": "TravelHeader('Transactionnumber%201')/to_EmployeeSurvey"
		}
	}
}, {
	"Transactionnumber": "T1102",
	"Employeeuserid": "EMP101",
	"Employeenumber": "100222",
	"Reportedby": "",
	"Statuscode": "1",
	"Statustext": "Pre Foreign Travel",
	"Travelstartdate": "/Date(1430488375000)/",
	"Travelenddate": "/Date(1037022775000)/",
	"Passportnumber": "73753",
	"Passportissuedate": "/Date(1525787575000)/",
	"Passportexpirydate": "/Date(1006609975000)/",
	"Iscompanytravel": "Y",
	"Isvacation": "N",
	"Isother": "N",
	"Isothertext": "",
	"Withdependents": "N",
	"Numofdependents": "",
	"Traveltocountry": "",
	"Traveltocity": "",
	"Travelreason": "",
	"Additionalcomments": "More indormation",
	"Erpocfirstname": "Rick",
	"Erpoclastname": "Dcosta",
	"Erpocrelationship": "Friend",
	"Erpocphonenumber": "736523",
	"Erpocstreetaddress": "Yard road",
	"Erpoccity": "NY Rpad",
	"Erpocstate": "NY",
	"Erpoczip": "596895457",
	"__metadata": {
		"uri": "TravelHeader('Transactionnumber%202')",
		"type": "ZVAR_FOREIGN_TRAVEL_SRV.TravelHeaderType"
	},
	"to_HelpNotes": {
		"__deferred": {
			"uri": "TravelHeader('Transactionnumber%202')/to_HelpNotes"
		}
	},
	"to_TravelCountries": {
		"__deferred": {
			"uri": "TravelHeader('Transactionnumber%202')/to_TravelCountries"
		}
	},
	"to_ForeignNationals": {
		"__deferred": {
			"uri": "TravelHeader('Transactionnumber%202')/to_ForeignNationals"
		}
	},
	"to_EmployeeSurvey": {
		"__deferred": {
			"uri": "TravelHeader('Transactionnumber%202')/to_EmployeeSurvey"
		}
	}
}, {
	"Transactionnumber": "T1103",
	"Employeeuserid": "EMP101",
	"Employeenumber": "100223",
	"Reportedby": "",
	"Statuscode": "2",
	"Statustext": "Post Foreign Travel",
	"Travelstartdate": "/Date(1430488375000)/",
	"Travelenddate": "/Date(1037022775000)/",
	"Passportnumber": "P24578",
	"Passportissuedate": "/Date(1525787575000)/",
	"Passportexpirydate": "/Date(1006609975000)/",
	"Iscompanytravel": "Y",
	"Isvacation": "N",
	"Isother": "Y",
	"Isothertext": "other reason",
	"Withdependents": "Y",
	"Numofdependents": "2",
	"Traveltocountry": "",
	"Traveltocity": "",
	"Travelreason": "",
	"Additionalcomments": "Additionalcomments",
	"Erpocfirstname": "Yick",
	"Erpoclastname": "Sen",
	"Erpocrelationship": "Friend",
	"Erpocphonenumber": "123534",
	"Erpocstreetaddress": "lock road",
	"Erpoccity": "LG Raod",
	"Erpocstate": "NY",
	"Erpoczip": "345457",
	"__metadata": {
		"uri": "TravelHeader('Transactionnumber%203')",
		"type": "ZVAR_FOREIGN_TRAVEL_SRV.TravelHeaderType"
	},
	"to_HelpNotes": {
		"__deferred": {
			"uri": "TravelHeader('Transactionnumber%203')/to_HelpNotes"
		}
	},
	"to_TravelCountries": {
		"__deferred": {
			"uri": "TravelHeader('Transactionnumber%203')/to_TravelCountries"
		}
	},
	"to_ForeignNationals": {
		"__deferred": {
			"uri": "TravelHeader('Transactionnumber%203')/to_ForeignNationals"
		}
	},
	"to_EmployeeSurvey": {
		"__deferred": {
			"uri": "TravelHeader('Transactionnumber%203')/to_EmployeeSurvey"
		}
	}
}, {
	"Transactionnumber": "T1104",
	"Employeeuserid": "EMP101",
	"Employeenumber": "100224",
	"Reportedby": "",
	"Statuscode": "2",
	"Statustext": "Post Foreign Travel",
	"Travelstartdate": "/Date(1430488375000)/",
	"Travelenddate": "/Date(1037022775000)/",
	"Passportnumber": "P897482",
	"Passportissuedate": "/Date(1525787575000)/",
	"Passportexpirydate": "/Date(1006609975000)/",
	"Iscompanytravel": "Y",
	"Isvacation": "N",
	"Isother": "Y",
	"Isothertext": "other reason",
	"Withdependents": "Y",
	"Numofdependents": "2",
	"Traveltocountry": "",
	"Traveltocity": "",
	"Travelreason": "",
	"Additionalcomments": "Additionalcomments",
	"Erpocfirstname": "Sam",
	"Erpoclastname": "Raimi",
	"Erpocrelationship": "Friend",
	"Erpocphonenumber": "9843267",
	"Erpocstreetaddress": "patrik road",
	"Erpoccity": "GP City",
	"Erpocstate": "Canada",
	"Erpoczip": "9758343",
	"__metadata": {
		"uri": "TravelHeader('Transactionnumber%204')",
		"type": "ZVAR_FOREIGN_TRAVEL_SRV.TravelHeaderType"
	},
	"to_HelpNotes": {
		"__deferred": {
			"uri": "TravelHeader('Transactionnumber%204')/to_HelpNotes"
		}
	},
	"to_TravelCountries": {
		"__deferred": {
			"uri": "TravelHeader('Transactionnumber%204')/to_TravelCountries"
		}
	},
	"to_ForeignNationals": {
		"__deferred": {
			"uri": "TravelHeader('Transactionnumber%204')/to_ForeignNationals"
		}
	},
	"to_EmployeeSurvey": {
		"__deferred": {
			"uri": "TravelHeader('Transactionnumber%204')/to_EmployeeSurvey"
		}
	}
}, {
	"Transactionnumber": "T1105",
	"Employeeuserid": "EMP101",
	"Employeenumber": "100225",
	"Reportedby": "",
	"Statuscode": "1",
	"Statustext": "Pre Foreign Travel",
	"Travelstartdate": "/Date(1430488375000)/",
	"Travelenddate": "/Date(1037022775000)/",
	"Passportnumber": "P94753",
	"Passportissuedate": "/Date(1525787575000)/",
	"Passportexpirydate": "/Date(1006609975000)/",
	"Iscompanytravel": "Y",
	"Isvacation": "N",
	"Isother": "Y",
	"Isothertext": "other reason",
	"Withdependents": "Y",
	"Numofdependents": "2",
	"Traveltocountry": "",
	"Traveltocity": "",
	"Travelreason": "",
	"Additionalcomments": "Additionalcomments",
	"Erpocfirstname": "John",
	"Erpoclastname": "Dsouza",
	"Erpocrelationship": "Friend",
	"Erpocphonenumber": "5465734",
	"Erpocstreetaddress": "link road",
	"Erpoccity": "NY City",
	"Erpocstate": "NY",
	"Erpoczip": "345457",
	"__metadata": {
		"uri": "TravelHeader('Transactionnumber%205')",
		"type": "ZVAR_FOREIGN_TRAVEL_SRV.TravelHeaderType"
	},
	"to_HelpNotes": {
		"__deferred": {
			"uri": "TravelHeader('Transactionnumber%205')/to_HelpNotes"
		}
	},
	"to_TravelCountries": {
		"__deferred": {
			"uri": "TravelHeader('Transactionnumber%205')/to_TravelCountries"
		}
	},
	"to_ForeignNationals": {
		"__deferred": {
			"uri": "TravelHeader('Transactionnumber%205')/to_ForeignNationals"
		}
	},
	"to_EmployeeSurvey": {
		"__deferred": {
			"uri": "TravelHeader('Transactionnumber%205')/to_EmployeeSurvey"
		}
	}
}]