[{
	"Transactionnumber": "T1101",
	"Guid": "5ff187e2-5fad-4799-ad5a-8eff6eb56b5f",
	"Countrykey": "US",
	"Countryname": "United States",
	"Citynames": "New York",
	"Travelstartdate": "/Date(1505355309000)/",
	"Travelenddate": "/Date(977019309000)/",
	"__metadata": {
		"uri": "TravelCountries(Transactionnumber='T1101',Guid=guid'5ff187e2-5fad-4799-ad5a-8eff6eb56b5f')",
		"type": "ZVAR_FOREIGN_TRAVEL_SRV.TravelCountriesType"
	},
	"to_TransportMode": {
		"__deferred": {
			"uri": "TravelCountries(Transactionnumber='Transactionnumber%201',Guid=guid'5ff187e2-5fad-4799-ad5a-8eff6eb56b5f')/to_TransportMode"
		}
	},
	"to_Accommodation": {
		"__deferred": {
			"uri": "TravelCountries(Transactionnumber='Transactionnumber%201',Guid=guid'5ff187e2-5fad-4799-ad5a-8eff6eb56b5f')/to_Accommodation"
		}
	}
}, {
	"Transactionnumber": "T1101",
	"Guid": "99e05560-ce6c-4dbf-b3c7-22d9ee972d29",
	"Countrykey": "JP",
	"Countryname": "Japan",
	"Citynames": "Tokyo",
	"Travelstartdate": "/Date(1421720109000)/",
	"Travelenddate": "/Date(1144462509000)/",
	"__metadata": {
		"uri": "TravelCountries(Transactionnumber='Transactionnumber%202',Guid=guid'99e05560-ce6c-4dbf-b3c7-22d9ee972d29')",
		"type": "ZVAR_FOREIGN_TRAVEL_SRV.TravelCountriesType"
	},
	"to_TransportMode": {
		"__deferred": {
			"uri": "TravelCountries(Transactionnumber='Transactionnumber%202',Guid=guid'99e05560-ce6c-4dbf-b3c7-22d9ee972d29')/to_TransportMode"
		}
	},
	"to_Accommodation": {
		"__deferred": {
			"uri": "TravelCountries(Transactionnumber='Transactionnumber%202',Guid=guid'99e05560-ce6c-4dbf-b3c7-22d9ee972d29')/to_Accommodation"
		}
	}
}, {
	"Transactionnumber": "T1102",
	"Guid": "a4746b38-3258-4ea2-b633-add23da799bf",
	"Countrykey": "US",
	"Countryname": "United States",
	"Citynames": "Los Angeles",
	"Travelstartdate": "/Date(1485569709000)/",
	"Travelenddate": "/Date(1310091309000)/",
	"__metadata": {
		"uri": "TravelCountries(Transactionnumber='Transactionnumber%203',Guid=guid'a4746b38-3258-4ea2-b633-add23da799bf')",
		"type": "ZVAR_FOREIGN_TRAVEL_SRV.TravelCountriesType"
	},
	"to_TransportMode": {
		"__deferred": {
			"uri": "TravelCountries(Transactionnumber='Transactionnumber%203',Guid=guid'a4746b38-3258-4ea2-b633-add23da799bf')/to_TransportMode"
		}
	},
	"to_Accommodation": {
		"__deferred": {
			"uri": "TravelCountries(Transactionnumber='Transactionnumber%203',Guid=guid'a4746b38-3258-4ea2-b633-add23da799bf')/to_Accommodation"
		}
	}
}, {
	"Transactionnumber": "T1102",
	"Guid": "517efdec-e68e-4f0b-b2ec-adec8c2ab99a",
	"Countrykey": "DB",
	"Countryname": "Dubai",
	"Citynames": "Meena Bazaar",
	"Travelstartdate": "/Date(1225592109000)/",
	"Travelenddate": "/Date(954728109000)/",
	"__metadata": {
		"uri": "TravelCountries(Transactionnumber='Transactionnumber%204',Guid=guid'517efdec-e68e-4f0b-b2ec-adec8c2ab99a')",
		"type": "ZVAR_FOREIGN_TRAVEL_SRV.TravelCountriesType"
	},
	"to_TransportMode": {
		"__deferred": {
			"uri": "TravelCountries(Transactionnumber='Transactionnumber%204',Guid=guid'517efdec-e68e-4f0b-b2ec-adec8c2ab99a')/to_TransportMode"
		}
	},
	"to_Accommodation": {
		"__deferred": {
			"uri": "TravelCountries(Transactionnumber='Transactionnumber%204',Guid=guid'517efdec-e68e-4f0b-b2ec-adec8c2ab99a')/to_Accommodation"
		}
	}
}]