<?xml version="1.0" encoding="utf-8"?>
<edmx:Edmx Version="1.0" xmlns:edmx="http://schemas.microsoft.com/ado/2007/06/edmx"
	xmlns:m="http://schemas.microsoft.com/ado/2007/08/dataservices/metadata" xmlns:sap="http://www.sap.com/Protocols/SAPData">
	<edmx:DataServices m:DataServiceVersion="2.0">
		<Schema Namespace="ZVAR_FOREIGN_TRAVEL_SRV" xml:lang="en" sap:schema-version="1" xmlns="http://schemas.microsoft.com/ado/2008/09/edm">
			<EntityType Name="SearchTravelType" sap:content-version="1">
				<Key><PropertyRef Name="Transactionnumber"/></Key><Property Name="Transactionnumber" Type="Edm.String" Nullable="false" MaxLength="10" sap:label="ID" sap:creatable="false"
					sap:updatable="false" sap:sortable="false" sap:filterable="false"/><Property Name="Travelstartdate" Type="Edm.DateTime" Nullable="false" Precision="7" sap:label="Travel Start Date" sap:creatable="false"
					sap:updatable="false" sap:sortable="false" sap:filterable="false"/><Property Name="Travelenddate" Type="Edm.DateTime" Nullable="false" Precision="7" sap:label="Travel End Date" sap:creatable="false"
					sap:updatable="false" sap:sortable="false" sap:filterable="false"/><Property Name="Traveltocountry" Type="Edm.String" Nullable="false" MaxLength="3" sap:label="Country" sap:creatable="false"
					sap:updatable="false" sap:sortable="false" sap:filterable="false"/><Property Name="Traveltocountryname" Type="Edm.String" Nullable="false" MaxLength="15" sap:label="Name" sap:creatable="false"
					sap:updatable="false" sap:sortable="false" sap:filterable="false"/><Property Name="Statuscode" Type="Edm.String" Nullable="false" MaxLength="5" sap:label="Status Code" sap:creatable="false"
					sap:updatable="false" sap:sortable="false" sap:filterable="false"/><Property Name="Statustext" Type="Edm.String" Nullable="false" MaxLength="40" sap:label="Status Text" sap:creatable="false"
					sap:updatable="false" sap:sortable="false" sap:filterable="false"/><Property Name="Currentuserid" Type="Edm.String" Nullable="false" MaxLength="12" sap:label="User Name" sap:creatable="false"
					sap:updatable="false" sap:sortable="false" sap:filterable="false"/></EntityType>
			<EntityType Name="TravelHeaderType" sap:content-version="1">
				<Key><PropertyRef Name="Transactionnumber"/></Key><Property Name="Transactionnumber" Type="Edm.String" Nullable="false" MaxLength="10" sap:label="ID" sap:creatable="false"
					sap:updatable="false" sap:sortable="false" sap:filterable="false"/><Property Name="Employeeuserid" Type="Edm.String" Nullable="false" MaxLength="12" sap:label="Employee UserID" sap:creatable="false"
					sap:updatable="false" sap:sortable="false" sap:filterable="false"/><Property Name="Employeenumber" Type="Edm.String" Nullable="false" MaxLength="10" sap:label="Employee Number" sap:creatable="false"
					sap:updatable="false" sap:sortable="false" sap:filterable="false"/><Property Name="Reportedby" Type="Edm.String" Nullable="false" MaxLength="12" sap:label="Reported By" sap:creatable="false"
					sap:updatable="false" sap:sortable="false" sap:filterable="false"/><Property Name="Travelstartdate" Type="Edm.DateTime" Nullable="false" Precision="7" sap:label="Travel Start Date" sap:creatable="false"
					sap:updatable="false" sap:sortable="false" sap:filterable="false"/><Property Name="Travelenddate" Type="Edm.DateTime" Nullable="false" Precision="7" sap:label="Travel End Date" sap:creatable="false"
					sap:updatable="false" sap:sortable="false" sap:filterable="false"/><Property Name="Passportnumber" Type="Edm.String" Nullable="false" MaxLength="20" sap:label="Passport Number" sap:creatable="false"
					sap:updatable="false" sap:sortable="false" sap:filterable="false"/><Property Name="Passportissuedate" Type="Edm.DateTime" Nullable="false" Precision="7" sap:label="Passport Issue Date" sap:creatable="false"
					sap:updatable="false" sap:sortable="false" sap:filterable="false"/><Property Name="Passportexpirydate" Type="Edm.DateTime" Nullable="false" Precision="7" sap:label="Passport Expiry Date"
					sap:creatable="false" sap:updatable="false" sap:sortable="false" sap:filterable="false"/><Property Name="Iscompanytravel" Type="Edm.String" Nullable="false" MaxLength="1" sap:label="Is Company Travel" sap:creatable="false"
					sap:updatable="false" sap:sortable="false" sap:filterable="false"/><Property Name="Isvacation" Type="Edm.String" Nullable="false" MaxLength="1" sap:label="Is Vacation" sap:creatable="false"
					sap:updatable="false" sap:sortable="false" sap:filterable="false"/><Property Name="Isother" Type="Edm.String" Nullable="false" MaxLength="1" sap:label="Is Other" sap:creatable="false" sap:updatable="false"
					sap:sortable="false" sap:filterable="false"/><Property Name="Isothertext" Type="Edm.String" Nullable="false" MaxLength="50" sap:label="Is Other Text" sap:creatable="false"
					sap:updatable="false" sap:sortable="false" sap:filterable="false"/><Property Name="Withdependents" Type="Edm.String" Nullable="false" MaxLength="1" sap:label="With Dependents" sap:creatable="false"
					sap:updatable="false" sap:sortable="false" sap:filterable="false"/><Property Name="Numofdependents" Type="Edm.String" Nullable="false" MaxLength="1" sap:label="Num Of Dependents" sap:creatable="false"
					sap:updatable="false" sap:sortable="false" sap:filterable="false"/><Property Name="Traveltocountry" Type="Edm.String" Nullable="false" MaxLength="3" sap:label="Country" sap:creatable="false"
					sap:updatable="false" sap:sortable="false" sap:filterable="false"/><Property Name="Traveltocity" Type="Edm.String" Nullable="false" MaxLength="30" sap:label="Travel To City" sap:creatable="false"
					sap:updatable="false" sap:sortable="false" sap:filterable="false"/><Property Name="Travelreason" Type="Edm.String" Nullable="false" MaxLength="255" sap:label="Travel Reason" sap:creatable="false"
					sap:updatable="false" sap:sortable="false" sap:filterable="false"/><Property Name="Additionalcomments" Type="Edm.String" Nullable="false" MaxLength="255" sap:label="Additional Comments" sap:creatable="false"
					sap:updatable="false" sap:sortable="false" sap:filterable="false"/><Property Name="Erpocfirstname" Type="Edm.String" Nullable="false" MaxLength="40" sap:label="ErPoc First Name" sap:creatable="false"
					sap:updatable="false" sap:sortable="false" sap:filterable="false"/><Property Name="Erpoclastname" Type="Edm.String" Nullable="false" MaxLength="40" sap:label="ErPoc Last Name" sap:creatable="false"
					sap:updatable="false" sap:sortable="false" sap:filterable="false"/><Property Name="Erpocrelationship" Type="Edm.String" Nullable="false" MaxLength="40" sap:label="ErPoc Relationship" sap:creatable="false"
					sap:updatable="false" sap:sortable="false" sap:filterable="false"/><Property Name="Erpocphonenumber" Type="Edm.String" Nullable="false" MaxLength="20" sap:label="ErPoc Phone Number" sap:creatable="false"
					sap:updatable="false" sap:sortable="false" sap:filterable="false"/><Property Name="Erpocstreetaddress" Type="Edm.String" Nullable="false" MaxLength="40" sap:label="ErPoc Street Address" sap:creatable="false"
					sap:updatable="false" sap:sortable="false" sap:filterable="false"/><Property Name="Erpoccity" Type="Edm.String" Nullable="false" MaxLength="30" sap:label="ErPoc City" sap:creatable="false"
					sap:updatable="false" sap:sortable="false" sap:filterable="false"/><Property Name="Erpocstate" Type="Edm.String" Nullable="false" MaxLength="30" sap:label="ErPoc State" sap:creatable="false"
					sap:updatable="false" sap:sortable="false" sap:filterable="false"/><Property Name="Erpoczip" Type="Edm.String" Nullable="false" MaxLength="10" sap:label="ErPoc ZIP" sap:creatable="false"
					sap:updatable="false" sap:sortable="false" sap:filterable="false"/><NavigationProperty Name="to_HelpNotes" Relationship="ZVAR_FOREIGN_TRAVEL_SRV.AssocHeaderToHelpNotes"
					FromRole="FromRole_AssocHeaderToHelpNotes" ToRole="ToRole_AssocHeaderToHelpNotes"/><NavigationProperty Name="to_TravelCountries" Relationship="ZVAR_FOREIGN_TRAVEL_SRV.AssocHeaderToTravelCountries"
					FromRole="FromRole_AssocHeaderToTravelCountries" ToRole="ToRole_AssocHeaderToTravelCountries"/><NavigationProperty Name="to_ForeignNationals" Relationship="ZVAR_FOREIGN_TRAVEL_SRV.AssocHeaderToForeignNationals"
					FromRole="FromRole_AssocHeaderToForeignNationals" ToRole="ToRole_AssocHeaderToForeignNationals"/><NavigationProperty Name="to_EmployeeSurvey" Relationship="ZVAR_FOREIGN_TRAVEL_SRV.AssocHeaderToEmployeeSurvey"
					FromRole="FromRole_AssocHeaderToEmployeeSurvey" ToRole="ToRole_AssocHeaderToEmployeeSurvey"/></EntityType>
			<EntityType Name="TransportModeType" sap:content-version="1">
				<Key><PropertyRef Name="Transactionnumber"/><PropertyRef Name="Guid"/></Key><Property Name="Transactionnumber" Type="Edm.String" Nullable="false" MaxLength="10" sap:label="ID" sap:creatable="false"
					sap:updatable="false" sap:sortable="false" sap:filterable="false"/><Property Name="Guid" Type="Edm.Guid" Nullable="false" sap:label="Internal ID" sap:creatable="false" sap:updatable="false"
					sap:sortable="false" sap:filterable="false"/><Property Name="Transportationmode" Type="Edm.String" Nullable="false" MaxLength="5" sap:label="Transport Mode" sap:creatable="false"
					sap:updatable="false" sap:sortable="false" sap:filterable="false"/><Property Name="Providername" Type="Edm.String" Nullable="false" MaxLength="40" sap:label="Provider Name" sap:creatable="false"
					sap:updatable="false" sap:sortable="false" sap:filterable="false"/><Property Name="Carriername" Type="Edm.String" Nullable="false" MaxLength="40" sap:label="Carrier Name" sap:creatable="false"
					sap:updatable="false" sap:sortable="false" sap:filterable="false"/><Property Name="Carriernumber" Type="Edm.String" Nullable="false" MaxLength="20" sap:label="Carrier Number" sap:creatable="false"
					sap:updatable="false" sap:sortable="false" sap:filterable="false"/><Property Name="Other" Type="Edm.String" Nullable="false" MaxLength="50" sap:label="Other" sap:creatable="false" sap:updatable="false"
					sap:sortable="false" sap:filterable="false"/><Property Name="CountyGuid" Type="Edm.Guid" Nullable="false" sap:label="Country GUID" sap:creatable="false" sap:updatable="false"
					sap:sortable="false" sap:filterable="false"/></EntityType>
			<EntityType Name="AccommodationType" sap:content-version="1">
				<Key><PropertyRef Name="Transactionnumber"/><PropertyRef Name="Guid"/></Key><Property Name="Transactionnumber" Type="Edm.String" Nullable="false" MaxLength="10" sap:label="ID" sap:creatable="false"
					sap:updatable="false" sap:sortable="false" sap:filterable="false"/><Property Name="Guid" Type="Edm.Guid" Nullable="false" sap:label="Internal ID" sap:creatable="false" sap:updatable="false"
					sap:sortable="false" sap:filterable="false"/><Property Name="Placename" Type="Edm.String" Nullable="false" MaxLength="40" sap:label="Place Name" sap:creatable="false"
					sap:updatable="false" sap:sortable="false" sap:filterable="false"/><Property Name="Phonenumber" Type="Edm.String" Nullable="false" MaxLength="20" sap:label="Phone Number" sap:creatable="false"
					sap:updatable="false" sap:sortable="false" sap:filterable="false"/><Property Name="Fulladdress" Type="Edm.String" Nullable="false" MaxLength="255" sap:label="Full Address" sap:creatable="false"
					sap:updatable="false" sap:sortable="false" sap:filterable="false"/><Property Name="CountyGuid" Type="Edm.Guid" Nullable="false" sap:label="Country GUID" sap:creatable="false" sap:updatable="false"
					sap:sortable="false" sap:filterable="false"/></EntityType>
			<EntityType Name="TravelCountriesType" sap:content-version="1">
				<Key><PropertyRef Name="Transactionnumber"/><PropertyRef Name="Guid"/></Key><Property Name="Transactionnumber" Type="Edm.String" Nullable="false" MaxLength="10" sap:label="ID" sap:creatable="false"
					sap:updatable="false" sap:sortable="false" sap:filterable="false"/><Property Name="Guid" Type="Edm.Guid" Nullable="false" sap:label="Internal ID" sap:creatable="false" sap:updatable="false"
					sap:sortable="false" sap:filterable="false"/><Property Name="Countrykey" Type="Edm.String" Nullable="false" MaxLength="3" sap:label="Country" sap:creatable="false" sap:updatable="false"
					sap:sortable="false" sap:filterable="false"/><Property Name="Countryname" Type="Edm.String" Nullable="false" MaxLength="15" sap:label="Name" sap:creatable="false" sap:updatable="false"
					sap:sortable="false" sap:filterable="false"/><Property Name="Citynames" Type="Edm.String" Nullable="false" MaxLength="255" sap:label="City Names" sap:creatable="false"
					sap:updatable="false" sap:sortable="false" sap:filterable="false"/><Property Name="Travelstartdate" Type="Edm.DateTime" Nullable="false" Precision="7" sap:label="Travel Start Date" sap:creatable="false"
					sap:updatable="false" sap:sortable="false" sap:filterable="false"/><Property Name="Travelenddate" Type="Edm.DateTime" Nullable="false" Precision="7" sap:label="Travel End Date" sap:creatable="false"
					sap:updatable="false" sap:sortable="false" sap:filterable="false"/><NavigationProperty Name="to_TransportMode" Relationship="ZVAR_FOREIGN_TRAVEL_SRV.AssocTravelCountriesToTansportMode"
					FromRole="FromRole_AssocTravelCountriesToTansportMode" ToRole="ToRole_AssocTravelCountriesToTansportMode"/><NavigationProperty Name="to_Accommodation" Relationship="ZVAR_FOREIGN_TRAVEL_SRV.AssocTravelCountriesToAccommodation"
					FromRole="FromRole_AssocTravelCountriesToAccommodation" ToRole="ToRole_AssocTravelCountriesToAccommodation"/></EntityType>
			<EntityType Name="ForeignNationalsType" sap:content-version="1">
				<Key><PropertyRef Name="Transactionnumber"/><PropertyRef Name="Guid"/></Key><Property Name="Transactionnumber" Type="Edm.String" Nullable="false" MaxLength="10" sap:label="ID" sap:creatable="false"
					sap:updatable="false" sap:sortable="false" sap:filterable="false"/><Property Name="Guid" Type="Edm.Guid" Nullable="false" sap:label="Internal ID" sap:creatable="false" sap:updatable="false"
					sap:sortable="false" sap:filterable="false"/><Property Name="Nationalname" Type="Edm.String" Nullable="false" MaxLength="80" sap:label="National Name" sap:creatable="false"
					sap:updatable="false" sap:sortable="false" sap:filterable="false"/><Property Name="Relationship" Type="Edm.String" Nullable="false" MaxLength="50" sap:label="Relationship" sap:creatable="false"
					sap:updatable="false" sap:sortable="false" sap:filterable="false"/><Property Name="Fulladdress" Type="Edm.String" Nullable="false" MaxLength="255" sap:label="Full Address" sap:creatable="false"
					sap:updatable="false" sap:sortable="false" sap:filterable="false"/><Property Name="Citizenship" Type="Edm.String" Nullable="false" MaxLength="20" sap:label="Citizenship" sap:creatable="false"
					sap:updatable="false" sap:sortable="false" sap:filterable="false"/></EntityType>
			<EntityType Name="EmployeeSurveyType" sap:content-version="1">
				<Key><PropertyRef Name="Transactionnumber"/><PropertyRef Name="Guid"/></Key><Property Name="Transactionnumber" Type="Edm.String" Nullable="false" MaxLength="10" sap:label="ID" sap:creatable="false"
					sap:updatable="false" sap:sortable="false" sap:filterable="false"/><Property Name="Questionnumber" Type="Edm.String" Nullable="false" MaxLength="3" sap:label="Question Number" sap:creatable="false"
					sap:updatable="false" sap:sortable="false" sap:filterable="false"/><Property Name="Question" Type="Edm.String" Nullable="false" MaxLength="255" sap:label="Question" sap:creatable="false"
					sap:updatable="false" sap:sortable="false" sap:filterable="false"/><Property Name="Answeryes" Type="Edm.String" Nullable="false" MaxLength="1" sap:label="AnswerYes" sap:creatable="false"
					sap:updatable="false" sap:sortable="false" sap:filterable="false"/><Property Name="Answerno" Type="Edm.String" Nullable="false" MaxLength="1" sap:label="AnswerNo" sap:creatable="false" sap:updatable="false"
					sap:sortable="false" sap:filterable="false"/><Property Name="Comments" Type="Edm.String" Nullable="false" MaxLength="255" sap:label="Comments" sap:creatable="false"
					sap:updatable="false" sap:sortable="false" sap:filterable="false"/><Property Name="Guid" Type="Edm.Binary" Nullable="false" sap:label="Survey GUID" sap:creatable="false" sap:updatable="false"
					sap:sortable="false" sap:filterable="false"/></EntityType>
			<EntityType Name="HelpNotesType" sap:content-version="1">
				<Key><PropertyRef Name="Transactionnumber"/><PropertyRef Name="Noteid"/></Key><Property Name="Transactionnumber" Type="Edm.String" Nullable="false" MaxLength="10" sap:label="ID" sap:creatable="false"
					sap:updatable="false" sap:sortable="false" sap:filterable="false"/><Property Name="Noteid" Type="Edm.String" Nullable="false" MaxLength="30" sap:label="Note ID" sap:creatable="false" sap:updatable="false"
					sap:sortable="false" sap:filterable="false"/><Property Name="Notevalue" Type="Edm.String" Nullable="false" MaxLength="500" sap:label="Note Value" sap:creatable="false"
					sap:updatable="false" sap:sortable="false" sap:filterable="false"/></EntityType>
			<EntityType Name="EmployeeHelpType" sap:content-version="1">
				<Key><PropertyRef Name="EmployeeNumber"/></Key><Property Name="EmployeeNumber" Type="Edm.String" Nullable="false" MaxLength="10" sap:creatable="false" sap:updatable="false"
					sap:sortable="false" sap:filterable="false"/><Property Name="EmployeeName" Type="Edm.String" Nullable="false" sap:creatable="false" sap:updatable="false" sap:sortable="false"
					sap:filterable="false"/></EntityType>
			<EntityType Name="CountryHelpType" sap:content-version="1">
				<Key><PropertyRef Name="CountryKey"/></Key><Property Name="CountryKey" Type="Edm.String" Nullable="false" MaxLength="3" sap:label="Country" sap:creatable="false" sap:updatable="false"
					sap:sortable="false" sap:filterable="false"/><Property Name="CountryName" Type="Edm.String" Nullable="false" MaxLength="15" sap:label="Name" sap:creatable="false" sap:updatable="false"
					sap:sortable="false" sap:filterable="false"/></EntityType>
			<EntityType Name="TransportModeHelpType" sap:content-version="1">
				<Key><PropertyRef Name="ModeOfTransportKey"/></Key><Property Name="ModeOfTransportKey" Type="Edm.String" Nullable="false" MaxLength="2" sap:label="Transport Mode" sap:creatable="false"
					sap:updatable="false" sap:sortable="false" sap:filterable="false"/><Property Name="Description" Type="Edm.String" Nullable="false" sap:creatable="false" sap:updatable="false" sap:sortable="false"
					sap:filterable="false"/></EntityType>
			<EntityType Name="UserInfoType" sap:content-version="1">
				<Key><PropertyRef Name="UserID"/></Key><Property Name="UserID" Type="Edm.String" Nullable="false" MaxLength="12" sap:label="User Name" sap:creatable="false" sap:updatable="false"
					sap:sortable="false" sap:filterable="false"/><Property Name="PartnerNumber" Type="Edm.String" Nullable="false" MaxLength="10" sap:label="BusinessPartner" sap:creatable="false"
					sap:updatable="false" sap:sortable="false" sap:filterable="false"/><Property Name="PartnerType" Type="Edm.String" Nullable="false" MaxLength="4" sap:label="Partner Type" sap:creatable="false"
					sap:updatable="false" sap:sortable="false" sap:filterable="false"/><Property Name="EmployeeNumber" Type="Edm.String" Nullable="false" sap:creatable="false" sap:updatable="false" sap:sortable="false"
					sap:filterable="false"/></EntityType>
			<Association Name="AssocTravelCountriesToTansportMode" sap:content-version="1"><End Type="ZVAR_FOREIGN_TRAVEL_SRV.TravelCountriesType" Multiplicity="1" Role="FromRole_AssocTravelCountriesToTansportMode"/><End Type="ZVAR_FOREIGN_TRAVEL_SRV.TransportModeType" Multiplicity="*" Role="ToRole_AssocTravelCountriesToTansportMode"/>
				<ReferentialConstraint>
					<Principal Role="FromRole_AssocTravelCountriesToTansportMode"><PropertyRef Name="Transactionnumber"/><PropertyRef Name="Guid"/></Principal>
					<Dependent Role="ToRole_AssocTravelCountriesToTansportMode"><PropertyRef Name="Transactionnumber"/><PropertyRef Name="CountyGuid"/></Dependent>
				</ReferentialConstraint>
			</Association>
			<Association Name="AssocTravelCountriesToAccommodation" sap:content-version="1"><End Type="ZVAR_FOREIGN_TRAVEL_SRV.TravelCountriesType" Multiplicity="1" Role="FromRole_AssocTravelCountriesToAccommodation"/><End Type="ZVAR_FOREIGN_TRAVEL_SRV.AccommodationType" Multiplicity="*" Role="ToRole_AssocTravelCountriesToAccommodation"/>
				<ReferentialConstraint>
					<Principal Role="FromRole_AssocTravelCountriesToAccommodation"><PropertyRef Name="Transactionnumber"/><PropertyRef Name="Guid"/></Principal>
					<Dependent Role="ToRole_AssocTravelCountriesToAccommodation"><PropertyRef Name="Transactionnumber"/><PropertyRef Name="CountyGuid"/></Dependent>
				</ReferentialConstraint>
			</Association>
			<Association Name="AssocHeaderToForeignNationals" sap:content-version="1"><End Type="ZVAR_FOREIGN_TRAVEL_SRV.TravelHeaderType" Multiplicity="1" Role="FromRole_AssocHeaderToForeignNationals"/><End Type="ZVAR_FOREIGN_TRAVEL_SRV.ForeignNationalsType" Multiplicity="*" Role="ToRole_AssocHeaderToForeignNationals"/></Association>
			<Association Name="AssocHeaderToEmployeeSurvey" sap:content-version="1"><End Type="ZVAR_FOREIGN_TRAVEL_SRV.TravelHeaderType" Multiplicity="1" Role="FromRole_AssocHeaderToEmployeeSurvey"/><End Type="ZVAR_FOREIGN_TRAVEL_SRV.EmployeeSurveyType" Multiplicity="*" Role="ToRole_AssocHeaderToEmployeeSurvey"/></Association>
			<Association Name="AssocHeaderToTravelCountries" sap:content-version="1"><End Type="ZVAR_FOREIGN_TRAVEL_SRV.TravelHeaderType" Multiplicity="1" Role="FromRole_AssocHeaderToTravelCountries"/><End Type="ZVAR_FOREIGN_TRAVEL_SRV.TravelCountriesType" Multiplicity="*" Role="ToRole_AssocHeaderToTravelCountries"/></Association>
			<Association Name="AssocHeaderToHelpNotes" sap:content-version="1"><End Type="ZVAR_FOREIGN_TRAVEL_SRV.TravelHeaderType" Multiplicity="1" Role="FromRole_AssocHeaderToHelpNotes"/><End Type="ZVAR_FOREIGN_TRAVEL_SRV.HelpNotesType" Multiplicity="*" Role="ToRole_AssocHeaderToHelpNotes"/></Association>
			<EntityContainer Name="ZVAR_FOREIGN_TRAVEL_SRV_Entities" m:IsDefaultEntityContainer="true" sap:supported-formats="atom json xlsx"><EntitySet Name="SearchTravel" EntityType="ZVAR_FOREIGN_TRAVEL_SRV.SearchTravelType" sap:label="SearchTravel" sap:creatable="false"
				sap:updatable="false" sap:deletable="false" sap:pageable="false" sap:addressable="false" sap:content-version="1"/><EntitySet Name="TravelHeader" EntityType="ZVAR_FOREIGN_TRAVEL_SRV.TravelHeaderType" sap:label="TravelHeader" sap:creatable="false"
				sap:updatable="false" sap:deletable="false" sap:pageable="false" sap:addressable="false" sap:content-version="1"/><EntitySet Name="TransportMode" EntityType="ZVAR_FOREIGN_TRAVEL_SRV.TransportModeType" sap:label="TransportMode" sap:creatable="false"
				sap:updatable="false" sap:deletable="false" sap:pageable="false" sap:addressable="false" sap:content-version="1"/><EntitySet Name="Accommodation" EntityType="ZVAR_FOREIGN_TRAVEL_SRV.AccommodationType" sap:label="Accommodation" sap:creatable="false"
				sap:updatable="false" sap:deletable="false" sap:pageable="false" sap:addressable="false" sap:content-version="1"/><EntitySet Name="TravelCountries" EntityType="ZVAR_FOREIGN_TRAVEL_SRV.TravelCountriesType" sap:label="TravelCountries" sap:creatable="false"
				sap:updatable="false" sap:deletable="false" sap:pageable="false" sap:addressable="false" sap:content-version="1"/><EntitySet Name="ForeignNationals" EntityType="ZVAR_FOREIGN_TRAVEL_SRV.ForeignNationalsType" sap:label="ForeignNationals"
				sap:creatable="false" sap:updatable="false" sap:deletable="false" sap:pageable="false" sap:addressable="false" sap:content-version="1"/><EntitySet Name="EmployeeSurvey" EntityType="ZVAR_FOREIGN_TRAVEL_SRV.EmployeeSurveyType" sap:label="EmployeeSurvey" sap:creatable="false"
				sap:updatable="false" sap:deletable="false" sap:pageable="false" sap:addressable="false" sap:content-version="1"/><EntitySet Name="HelpNotes" EntityType="ZVAR_FOREIGN_TRAVEL_SRV.HelpNotesType" sap:label="HelpNotes" sap:creatable="false"
				sap:updatable="false" sap:deletable="false" sap:pageable="false" sap:addressable="false" sap:content-version="1"/><EntitySet Name="EmployeeHelp" EntityType="ZVAR_FOREIGN_TRAVEL_SRV.EmployeeHelpType" sap:creatable="false" sap:updatable="false"
				sap:deletable="false" sap:pageable="false" sap:addressable="false" sap:content-version="1"/><EntitySet Name="CountryHelp" EntityType="ZVAR_FOREIGN_TRAVEL_SRV.CountryHelpType" sap:creatable="false" sap:updatable="false"
				sap:deletable="false" sap:pageable="false" sap:addressable="false" sap:content-version="1"/><EntitySet Name="TransportModeHelp" EntityType="ZVAR_FOREIGN_TRAVEL_SRV.TransportModeHelpType" sap:creatable="false" sap:updatable="false"
				sap:deletable="false" sap:pageable="false" sap:addressable="false" sap:content-version="1"/><EntitySet Name="UserInfo" EntityType="ZVAR_FOREIGN_TRAVEL_SRV.UserInfoType" sap:creatable="false" sap:updatable="false"
				sap:deletable="false" sap:pageable="false" sap:addressable="false" sap:content-version="1"/>
				<AssociationSet Name="AssocHeaderToForeignNationals_AssocSet" Association="ZVAR_FOREIGN_TRAVEL_SRV.AssocHeaderToForeignNationals"
					sap:creatable="false" sap:updatable="false" sap:deletable="false" sap:content-version="1"><End EntitySet="TravelHeader" Role="FromRole_AssocHeaderToForeignNationals"/><End EntitySet="ForeignNationals" Role="ToRole_AssocHeaderToForeignNationals"/></AssociationSet>
				<AssociationSet Name="AssocHeaderToEmployeeSurvey_AssocSet" Association="ZVAR_FOREIGN_TRAVEL_SRV.AssocHeaderToEmployeeSurvey"
					sap:creatable="false" sap:updatable="false" sap:deletable="false" sap:content-version="1"><End EntitySet="TravelHeader" Role="FromRole_AssocHeaderToEmployeeSurvey"/><End EntitySet="EmployeeSurvey" Role="ToRole_AssocHeaderToEmployeeSurvey"/></AssociationSet>
				<AssociationSet Name="AssocTravelCountriesToTansportMode_Assoc" Association="ZVAR_FOREIGN_TRAVEL_SRV.AssocTravelCountriesToTansportMode"
					sap:creatable="false" sap:updatable="false" sap:deletable="false" sap:content-version="1"><End EntitySet="TravelCountries" Role="FromRole_AssocTravelCountriesToTansportMode"/><End EntitySet="TransportMode" Role="ToRole_AssocTravelCountriesToTansportMode"/></AssociationSet>
				<AssociationSet Name="AssocHeaderToTravelCountries_AssocSet" Association="ZVAR_FOREIGN_TRAVEL_SRV.AssocHeaderToTravelCountries"
					sap:creatable="false" sap:updatable="false" sap:deletable="false" sap:content-version="1"><End EntitySet="TravelHeader" Role="FromRole_AssocHeaderToTravelCountries"/><End EntitySet="TravelCountries" Role="ToRole_AssocHeaderToTravelCountries"/></AssociationSet>
				<AssociationSet Name="AssocTravelCountriesToAccommodation_Asso" Association="ZVAR_FOREIGN_TRAVEL_SRV.AssocTravelCountriesToAccommodation"
					sap:creatable="false" sap:updatable="false" sap:deletable="false" sap:content-version="1"><End EntitySet="TravelCountries" Role="FromRole_AssocTravelCountriesToAccommodation"/><End EntitySet="Accommodation" Role="ToRole_AssocTravelCountriesToAccommodation"/></AssociationSet>
				<AssociationSet Name="AssocHeaderToHelpNotes_AssocSet" Association="ZVAR_FOREIGN_TRAVEL_SRV.AssocHeaderToHelpNotes" sap:creatable="false"
					sap:updatable="false" sap:deletable="false" sap:content-version="1"><End EntitySet="TravelHeader" Role="FromRole_AssocHeaderToHelpNotes"/><End EntitySet="HelpNotes" Role="ToRole_AssocHeaderToHelpNotes"/></AssociationSet>
				<FunctionImport Name="GetUserInfo" ReturnType="Collection(ZVAR_FOREIGN_TRAVEL_SRV.UserInfoType)" EntitySet="UserInfo" m:HttpMethod="GET"><Parameter Name="UserID" Type="Edm.String" Mode="In" MaxLength="12"/></FunctionImport>
			</EntityContainer><atom:link rel="self" href="http://nsqvarci.sapgss.com/sap/opu/odata/SAP/ZVAR_FOREIGN_TRAVEL_SRV/$metadata"
				xmlns:atom="http://www.w3.org/2005/Atom"/><atom:link rel="latest-version" href="http://nsqvarci.sapgss.com/sap/opu/odata/SAP/ZVAR_FOREIGN_TRAVEL_SRV/$metadata"
				xmlns:atom="http://www.w3.org/2005/Atom"/></Schema>
	</edmx:DataServices>
</edmx:Edmx>